{
    "installed": {
        "client_id": "667625875655-ksrbgedjnd0gt6tbcnli1p8u93n4g32p.apps.googleusercontent.com",
        "project_id": "modern-renderer-419305",
        "auth_uri": "https://accounts.google.com/o/oauth2/auth",
        "token_uri": "https://oauth2.googleapis.com/token",
        "auth_provider_x509_cert_url": "https://www.googleapis.com/oauth2/v1/certs",
        "client_secret": "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",
        "redirect_uris": [
            "http://localhost"
        ]
    }
}